[
    {
        "name": "Rahul kenchi",
        "description": "i am going to win the world",
        "userid": "rahul123",
        "email": "rahul768@gmail.com",
        "password": "rahul768",
        "lastlogin": "Mar 01 2022 11:51:39",
        "type": "admin",
        "id": 5
    },
    {
        "name": "Tushar Saxena",
        "description": "i am the king of the seven worlds :)",
        "userid": "tushar123",
        "email": "tushar057@gmail.com",
        "password": "tushar057",
        "databaseName": "Tushar Saxena",
        "databaseDescription": "database size of 100",
        "lastlogin": "Mar 01 2022 11:51:39",
        "type": "tenant",
        "id": 7
    },
    {
        "name": "Jeff Mathew",
        "description": "i am a coding god",
        "userid": "jeff1234",
        "email": "jeff123@gmail.com",
        "password": "jeff123",
        "databaseName": "Jeff Mathew",
        "databaseDescription": "database size of 100",
        "lastlogin": "Mar 01 2022 11:51:39",
        "type": "tenant",
        "id": 8
    },
    {
        "name": "Rohit singh",
        "description": "i am pro gamer",
        "userid": "rohit123",
        "email": "rohit@gmail.com",
        "password": "rohit",
        "databaseName": "Rohit singh",
        "databaseDescription": "database size of 100",
        "type": "tenant",
        "lastlogin": "Mar 01 2022 11:51:39",
        "id": 11
    },
    {
        "name": "Naveen",
        "description": "i am a fan of Spiderman",
        "userid": "naveen768",
        "email": "naveen768@gmail.com",
        "password": "naveen768",
        "databaseDescription": "database size of 100",
        "databaseName": "Naveen",
        "lastlogin": "Mar 01 2022 11:51:39",
        "type": "tenant",
        "id": 12
    },
    {
        "name": "harsh",
        "description": "i live in indore",
        "userid": "harsh768",
        "email": "harsh768@gmail.com",
        "password": "harsh768",
        "databaseName": "harsh",
        "databaseDescription": "database size of 100",
        "lastlogin": "Mar 01 2022 11:51:39",
        "type": "tenant",
        "id": 13
    },
    {
        "name": "test1",
        "description": "i live in indore",
        "userid": "test1",
        "email": "test1@gmail.com",
        "password": "test1",
        "databaseDescription": "database size of 100",
        "databaseName": "test1",
        "lastlogin": "Mar 01 2022 11:51:39",
        "type": "tenant",
        "id": 14
    },
    {
        "name": "test11",
        "description": "i live in indore",
        "userid": "test11",
        "email": "test11@gmail.com",
        "password": "test1",
        "databaseDescription": "database size of 100",
        "databaseName": "test11",
        "lastlogin": "Mar 01 2022 11:51:39",
        "type": "tenant",
        "id": 15
    },
    {
        "name": "test12",
        "description": "i live in indore",
        "userid": "test12",
        "email": "test12@gmail.com",
        "password": "test12",
        "databaseDescription": "database size of 100",
        "databaseName": "test12",
        "lastlogin": "Mar 01 2022 11:51:39",
        "type": "tenant",
        "id": 16
    },
    {
        "name": "test14",
        "description": "i live in indore",
        "userid": "test14",
        "email": "test14@gmail.com",
        "password": "test14",
        "databaseDescription": "database size of 100",
        "databaseName": "twst14",
        "lastlogin": "Mar 01 2022 11:51:39",
        "type": "tenant",
        "id": 18
    },
    {
        "name": "test15",
        "description": "i live in indore",
        "userid": "test15",
        "email": "test15@gmail.com",
        "password": "test15",
        "databaseDescription": "database size of 100",
        "databaseName": "test15",
        "lastlogin": "Mar 01 2022 11:51:39",
        "type": "tenant",
        "id": 19
    },
    {
        "name": "test21",
        "description": "i live in indore",
        "userid": "test21",
        "email": "test21@gmail.com",
        "password": "test21",
        "databaseName": "test21",
        "databaseDescription": "database size of 100",
        "lastlogin": "Mar 01 2022 11:51:39",
        "type": "tenant",
        "id": 20
    },
    {
        "name": "test22",
        "description": "i live in indore",
        "userid": "test22",
        "email": "test22@gmail.com",
        "password": "test22",
        "databaseName": "test22",
        "databaseDescription": "database size of 100",
        "lastlogin": "Mar 01 2022 11:51:39",
        "type": "tenant",
        "id": 21
    },
    {
        "name": "testify",
        "description": "i live in indore",
        "userid": "test2345_12",
        "email": "test23@gmail.com",
        "databaseDescription": "database size of 100",
        "password": "test23",
        "databaseName": "test25",
        "lastlogin": "Mar 01 2022 11:51:39",
        "type": "tenant",
        "id": 22
    },
    {
        "name": "Paras Saxena",
        "description": "i am a hacker",
        "userid": "paras1234",
        "databaseName": "test26",
        "databaseDescription": "database size of 100",
        "email": "parassaxena206@gmail.com",
        "password": "parassaxena206",
        "lastlogin": "Mar 01 2022 11:51:39",
        "type": "tenant",
        "id": 23
    }
]