[
    {
        "id": 1,
        "userName": "User1",
        "email": "user1@gmail.com",
        "tenantName": "Tenant1",
        "createdDateTime": "Mar 01 2022 11:51:39",
        "isDeleted": false,
        "isActive": true
    },
    {
        "id": 2,
        "userName": "User2",
        "email": "user2@gmail.com",
        "tenantName": "Tenant2",
        "createdDateTime": "Mar 01 2022 11:51:39",
        "isDeleted": false,
        "isActive": true
    },
    {
        "id": 3,
        "userName": "User3",
        "email": "user3@gmail.com",
        "tenantName": "Tenant3",
        "createdDateTime": "Mar 01 2022 11:51:39",
        "isDeleted": false,
        "isActive": true
    },
    {
        "id": 4,
        "userName": "User4",
        "email": "user4@gmail.com",
        "tenantName": "Tenant4",
        "createdDateTime": "Mar 01 2022 11:51:39",
        "isDeleted": false,
        "isActive": true
    },
    {
        "id": 5,
        "userName": "User5",
        "email": "user5@gmail.com",
        "tenantName": "Tenant5",
        "createdDateTime": "Mar 01 2022 11:51:39",
        "isDeleted": false,
        "isActive": true
    },
    {
        "id": 6,
        "userName": "User6",
        "email": "user6@gmail.com",
        "tenantName": "Tenant6",
        "createdDateTime": "Mar 01 2022 11:51:39",
        "isDeleted": false,
        "isActive": true
    },
    {
        "id": 7,
        "userName": "User7",
        "email": "user7@gmail.com",
        "tenantName": "Tenant7",
        "createdDateTime": "Mar 01 2022 11:51:39",
        "isDeleted": false,
        "isActive": true
    },
    {
        "id": 8,
        "userName": "User8",
        "email": "user8@gmail.com",
        "tenantName": "Tenant8",
        "createdDateTime": "Mar 01 2022 11:51:39",
        "isDeleted": false,
        "isActive": true
    },
    {
        "id": 9,
        "userName": "User9",
        "email": "user9@gmail.com",
        "tenantName": "Tenant9",
        "createdDateTime": "Mar 01 2022 11:51:39",
        "isDeleted": false,
        "isActive": true
    },
    {
        "id": 10,
        "userName": "User10",
        "email": "user10@gmail.com",
        "tenantName": "Tenant10",
        "createdDateTime": "Mar 01 2022 11:51:39",
        "isDeleted": false,
        "isActive": true
    },
    {
        "id": 11,
        "userName": "User11",
        "email": "user11@gmail.com",
        "tenantName": "Tenant11",
        "createdDateTime": "Mar 01 2022 11:51:39",
        "isDeleted": false,
        "isActive": true
    },
    {
        "id": 12,
        "userName": "User12",
        "email": "user12@gmail.com",
        "tenantName": "Tenant12",
        "createdDateTime": "Mar 01 2022 11:51:39",
        "isDeleted": false,
        "isActive": true
    }
]